Questions,Reference Answers,Correct? Y/N/ NF,"Y = yes, N = no, NF = not found",,"In this task, you have to verify if the reference answers are correct with respect to the current world knowledge. If your answer matches atleast one of the reference answers, then it is correct. Please use Wikipedia (infoboxes contain most answers) primarily for finding the answers. If you don't find it on Wikipedia, you may use any news source or basic google search."
Who is the head coach of the team Armenia national football team currently?,Oleksandr Petrakov,Y,,,
Who is the head coach of the team Antalyaspor currently?,Nuri Sahin,N,,,
Who is the head coach of the team Torino F.C. currently?,Ivan Juric,Y,,,
Who is the head coach of the team KV Mechelen currently?,Danny Buijs,Y,,,
Who is the head coach of the team FC BATE Borisov currently?,Igor Kriushenko,Y,,,
Who is the head coach of the team Aalesunds FK currently?,Lars Arne Nilsen,N,,,
Who is the head coach of the team FK Mlada Boleslav currently?,David Holoubek,Y,,,
Who is the head coach of the team Clube Atletico Mineiro currently?,Luiz Felipe Scolari,N,,,
Who is the head coach of the team Arminia Bielefeld currently?,Daniel Scherning,N,,,
Who is the head coach of the team R. Charleroi S.C. currently?,Edward Still,N,,,
Who is the head coach of the team SC Freiburg currently?,Christian Streich,Y,,,
Who is the head coach of the team Lyngby Boldklub currently?,Freyr Alexandersson,N,,,
Who is the head coach of the team FC Dinamo Bucharest currently?,Zeljko Kopic,Y,,,
Who is the head coach of the team Alashkert FC currently?,Karen Barseghyan,N,,,
Who is the head coach of the team U.S. Salernitana 1919 currently?,Fabio Liverani,N,,,
Who is the head coach of the team FK RFS currently?,Viktors Morozs,Y,,,
Who is the head coach of the team Louisville City FC currently?,John Hackworth,N,,,
Who is the head coach of the team SCM Gloria Buzau currently?,Andrei Prepelita,N,,,
Who is the head coach of the team FC Dynamo Brest currently?,Aleksandr Brazevich,Y,,,
Who is the head coach of the team UTA Arad currently?,Ilie Poenaru,N,,,
Who is the head coach of the team FK Tuzla City currently?,Dragan Jovic,N,,,
Who is the head coach of the team A.C. Perugia Calcio currently?,Fabrizio Castori,N,,,
Who is the head coach of the team FK Shkendija currently?,Artim Sakiri,N,,,
Who is the head coach of the team VfB Stuttgart currently?,Sebastian Hoeness,Y,,,
Who is the head coach of the team Pittsburgh Riverhounds SC currently?,Bob Lilley,Y,,,
Who is the head coach of the team FC Dynamo Kyiv currently?,Oleksandr Shovkovskyi,Y,,,
Who is the head coach of the team Associazione Calcio Milan currently?,Stefano Pioli,Y,,,
Who is the head coach of the team St Patrick's Athletic F.C. currently?,Jon Daly,Y,,,
Who is the head coach of the team Lille OSC currently?,Paulo Fonseca,Y,,,
Who is the head coach of the team FK Rabotnicki currently?,Ljupco Markovski,N,,,
Who is the head coach of the team FC Inter Milan currently?,Simone Inzaghi,Y,,,
Who is the head coach of the team FC Dinamo Moscow currently?,Marcel Licka,Y,,,
Who is the head coach of the team FC Krumkachy Minsk currently?,Syarhey Kazeka,Y,,,
Who is the head coach of the team AFC Ajax currently?,John van 't Schip,Y,,,
Who is the head coach of the team Morocco national football team currently?,Walid Regragui,Y,,,
Who is the head coach of the team FC Girondins de Bordeaux currently?,Albert Riera,Y,,,
Who is the head coach of the team Wisla Plock currently?,Marek Saganowski,N,,,
Who is the head coach of the team Chelsea F.C. currently?,Mauricio Pochettino,Y,,,
Who is the head coach of the team FC Banik Ostrava currently?,Pavel Hapal,Y,,,
Who is the head coach of the team G.D. Estoril Praia currently?,Nelson Verissimo,N,,,
Who is the head coach of the team Nimes Olympique currently?,Frederic Bompard,N,,,
Who is the head coach of the team Germany women's national football team currently?,Martina Voss-Tecklenburg,N,,,
Who is the head coach of the team FC Dnepr Mogilev currently?,Vyacheslav Geraschenko,N,,,
Who is the head coach of the team Neftchi Baku PFC currently?,Adrian Mutu,N,,,
Who is the head coach of the team FK Nevezis currently?,Darius Gvildys,Y,,,
Who is the head coach of the team Hull City A.F.C. currently?,Liam Rosenior,N,,,
Who is the head coach of the team Futebol Clube do Porto currently?,Sergio Conceicao,Y,,,
Who is the head coach of the team FC Samtredia currently?,Dimitar Kapinkovski,Y,,,
Who is the head coach of the team APOEL F.C. currently?,Vladan Milojevic,N,,,
Who is the head coach of the team Debreceni VSC currently?,Joao Janeiro,N,,,
Who is the head coach of the team FC Krasnodar currently?,Vladimir Ivic,N,,,
Who is the head coach of the team Grasshopper Club Zurich currently?,Bruno Berner,N,,,
Who is the head coach of the team Philippines national football team currently?,Scott Cooper,N,,,
Who is the head coach of the team Bayer 04 Leverkusen currently?,Xabi Alonso,Y,,,
Who is the head coach of the team VVV-Venlo currently?,Jos Luhukay,N,,,
Who is the head coach of the team FC Cincinnati currently?,Pat Noonan,Y,,,
Who is the head coach of the team Yeni Malatyaspor currently?,Cihat Arslan,N,,,
Who is the head coach of the team New Zealand national rugby union team currently?,"Ian Foster, Steve Hansen",N,,,
Who is the head coach of the team Budapest Honved FC currently?,Tam Courts,N,,,
Who is the head coach of the team Brentford F.C. currently?,Thomas Frank,Y,,,
Who is the head coach of the team F.K. Sarajevo currently?,Mirza Varesanovic,N,,,
Who is the head coach of the team Rubin Kazan currently?,Rashid Rakhimov,Y,,,
Who is the head coach of the team Brescia Calcio currently?,Luis Diego Lopez,N,,,
Who is the head coach of the team Villarreal Club de Futbol currently?,Marcelino Garcia Toral,Y,,,
Who is the head coach of the team S.C. Braga currently?,Artur Jorge Amorim,N,,,
Who is the head coach of the team Olympique de Marseille currently?,Jean-Louis Gasset,Y,,,
Who is the head coach of the team Mjallby AIF currently?,Andreas Brannstrom,N,,,
Who is the head coach of the team Panathinaikos B.C. currently?,"Ergin Ataman, Aryiris Pedoulakis",Y,,,
Who is the head coach of the team POFC Botev Vratsa currently?,Rosen Kirilov,N,,,
Who is the head coach of the team Steaua Bucharest currently?,Daniel Oprita,N,,,
Who is the head coach of the team Olympiakos Nicosia FC currently?,Pambos Christodoulou,N,,,
Who is the head coach of the team Botev Plovdiv currently?,Valentic Azrudin,N,,,
Who is the head coach of the team Philadelphia Eagles currently?,Doug Pederson,N,,,
Who is the head coach of the team Kansas Jayhawks men's basketball currently?,Bill Self,Y,,,
Who is the head coach of the team Sheffield United F.C. currently?,Chris Wilder,Y,,,
Who is the head coach of the team Granada CF currently?,Alexander Medina,N,,,
Who is the head coach of the team SBV Vitesse currently?,Edward Sturing,Y,,,
Who is the head coach of the team FC Lausanne-Sport currently?,Ludovic Magnin,Y,,,
Who is the head coach of the team Palermo FC currently?,Eugenio Corini,Y,,,
Who is the head coach of the team FC Zenit Saint Petersburg currently?,Sergei Semak,Y,,,
Who is the head coach of the team SV Wacker Burghausen currently?,Uwe Wolf,N,,,
Who is the head coach of the team Real Madrid CF currently?,Carlo Ancelotti,Y,,,
Who is the head coach of the team FC Ingolstadt 04 currently?,Rudiger Rehm,N,,,
Who is the head coach of the team Manchester City F.C currently?,Pep Guardiola,Y,,,
Who is the head coach of the team FC Slutsk currently?,Aliaksandr Hurynovic,Y,,,
Who is the head coach of the team CS Concordia Chiajna currently?,Erik Lincar,N,,,
Who is the head coach of the team Czech Republic national association football team currently?,Ivan Hasek,Y,,,
Who is the head coach of the team FC Shakhter Karagandy currently?,Igor Soloshenko,N,,,
Who is the head coach of the team AEL Limassol FC currently?,Christos Charalabous,N,,,
Who is the head coach of the team Penn State Lady Lions basketball currently?,Carolyn Kieger,Y,,,
Who is the head coach of the team Genclerbirligi S.K. currently?,Metin Diyadin,N,,,
Who is the head coach of the team FC Zurich currently?,Bo Henriksen,N,,,
Who is the head coach of the team Los Angeles Galaxy currently?,Greg Vanney,Y,,,
Who is the head coach of the team Russia national association football team currently?,Valeri Karpin,Y,,,
Who is the head coach of the team Odense Boldklub currently?,Andreas Alm,N,,,
Who is the head coach of the team Asteras Tripoli F.C. currently?,Milan Rastavac,Y,,,
Who is the head coach of the team FC Liefering currently?,Rene Aufhauser,N,,,
Who is the head coach of the team FC Astana currently?,Grigori Babayan,Y,,,
Who is the head coach of the team TSV Hartberg currently?,Klaus Schmidt,N,,,
Who is the head coach of the team AEK Larnaca F.C. currently?,Jose Luis Oltra,N,,,
Who is the head coach of the team Gold Coast Football Club currently?,Stuart Dew,N,,,
Who is the head coach of the team Fenerbahce FC currently?,Ismail Kartal,Y,,,
Who is the head coach of the team PSV Eindhoven currently?,Peter Bosz,Y,,,
Who is the head coach of the team F.C. Lorient currently?,Regis Le Bris,Y,,,
Who is the head coach of the team KFCO Beerschot Wilrijk currently?,Andreas Wieland,N,,,
Who is the head coach of the team Delfino Pescara 1936 currently?,Alberto Colombo,N,,,
Who is the head coach of the team FC Viktoria Koln currently?,Olaf Janssen,Y,,,
Who is the head coach of the team Kilmarnock F.C. currently?,Derek McInnes,Y,,,
Who is the head coach of the team FC Chornomorets Odesa currently?,Roman Hryhorchuk,Y,,,
Who is the head coach of the team FC Dunarea Calarasi currently?,Gheorghe Mihali,Y,,,
Who is the head coach of the team Sabah Football Club currently?,Murad Musayev,N,,,
Who is the head coach of the team FC Slavia-Mozyr currently?,Ivan Bionchik,Y,,,
Who is the head coach of the team FC Atyrau currently?,Vitaly Zhukovsky,Y,,,
Who is the head coach of the team FK Borac Banja Luka currently?,Nenad Lalatovic,NF,,,
Who is the head coach of the team Bingoal WB currently?,"Olivier Kaisen, Frederic Amorison",NF,,,
Who is the head coach of the team Kalmar FF currently?,Henrik Rydstrom,N,,,
Who is the head coach of the team Germany women's national volleyball team currently?,Vital Heynen,Y,,,
Who is the head coach of the team Flamurtari Vlore currently?,Marcello Troisi,N,,,
Who is the head coach of the team Union Deportiva Las Palmas currently?,Francisco Javier Garcia Pimienta,Y,,,
Who is the head coach of the team SK Sigma Olomouc currently?,Jiri Sanak,Y,,,
Who is the head coach of the team Denmark national association football team currently?,Kasper Hjulmand,Y,,,
Who is the head coach of the team Stabaek Fotball currently?,Eirik Kjono,N,,,
Who is the head coach of the team KF Skenderbeu Korce currently?,Ivan Gvozdenovic,Y,,,
Who is the head coach of the team NK Istra 1961 currently?,Gonzalo Garcia Garcia,N,,,
Who is the head coach of the team Deportivo de La Coruna currently?,Borja Jimenez Saez,N,,,
Who is the head coach of the team IFK Mariehamn currently?,Daniel Norrmen,N,,,
Who is the head coach of the team Bologna FC 1909 currently?,Thiago Motta,Y,,,
Who is the head coach of the team Maccabi Petah Tikva F.C. currently?,Ran Kojok,Y,,,
Who is the head coach of the team FC Voluntari currently?,Florin Parvu,Y,,,
Who is the head coach of the team Doxa Katokopias F.C. currently?,Ricardo Cheu,N,,,
Who is the head coach of the team Santos F.C currently?,Odair Hellmann,N,,,
Who is the head coach of the team Zalaegerszegi TE currently?,Ricardo Moniz,N,,,
Who is the head coach of the team Kayserispor currently?,Omer Erdogan,N,,,
Who is the head coach of the team NK Osijek currently?,Nenad Bjelica,N,,,
Who is the head coach of the team FC Dinamo Minsk currently?,Vadim Skripchenko,Y,,,
Who is the head coach of the team Ithrottabandalag Akraness currently?,Jon Thor Hauksson,Y,,,
Who is the head coach of the team Deportivo Alaves currently?,Luis Garcia Plaza,Y,,,
Who is the head coach of the team FC Orenburg currently?,Jiri Jarosik,N,,,
Who is the head coach of the team AC Omonia currently?,Kjetil Rekdal,N,,,
Who is the head coach of the team BK Hacken currently?,Per-Mathias Hogmo,N,,,
Who is the head coach of the team KAA Gent currently?,Hein Vanhaezebrouck,Y,,,
Who is the head coach of the team MFK Karvina currently?,"Marek Bielan, Radim Grussmann",Y,,,
Who is the head coach of the team Royal Excel Mouscron currently?,Enzo Scifo,N,,,
Who is the head coach of the team FC Botosani currently?,Marius Croitoru,N,,,
Who is the head coach of the team SV Waldhof Mannheim currently?,Bernhard Trares,N,,,
Who is the head coach of the team Limburg Lions currently?,Christoph Jauernik,Y,,,
Who is the head coach of the team CSM Politehnica Iasi currently?,Leo Grozavu,N,,,
Who is the head coach of the team Blackburn Rovers F.C. currently?,John Eustace,Y,,,
Who is the head coach of the team Direct Energie currently?,"Thibaut Mace, Benoit Genauzeau, Lylian Lebreton, Dominique Arnould",NF,,,
Who is the head coach of the team Konyaspor currently?,Hakan Keles,N,,,
Who is the head coach of the team Juventus FC currently?,Massimiliano Allegri,N,,,
Who is the head coach of the team Atalanta B.C. currently?,Gian Piero Gasperini,Y,,,
Who is the head coach of the team Denizlispor currently?,Mesut Bakkal,N,,,
Who is the head coach of the team FC Arges currently?,Bogdan Vintila,N,,,
Who is the head coach of the team ASM Clermont Auvergne currently?,Christophe Urios,Y,,,
Who is the head coach of the team PFC Levski Sofia currently?,Stanimir Stoilov,N,,,
Who is the head coach of the team Arsenal F.C. currently?,Mikel Arteta,Y,,,
Who is the head coach of the team West Bromwich Albion F.C. currently?,Carlos Corberan,N,,,
Who is the head coach of the team France national rugby union team currently?,Fabien Galthie,Y,,,
Who is the head coach of the team Belarus national football team currently?,Carlos Alos Ferrer,Y,,,
Who is the head coach of the team Ostersunds FK currently?,Magnus Powell,Y,,,
Who is the head coach of the team Spezia Calcio currently?,Luca D'Angelo,Y,,,
Who is the head coach of the team HNK Rijeka currently?,Zeljko Sopic,Y,,,
Who is the head coach of the team FC Sheriff Tiraspol currently?,Roman Pylypchuk,N,,,
Who is the head coach of the team TSC Backa Topola currently?,Zarko Lazetic,Y,,,
Who is the head coach of the team Aris Thessaloniki F.C. currently?,Apostolos Mantzios,Y,,,
Who is the head coach of the team Stade Malherbe Caen currently?,Stephane Moulin,N,,,
Who is the head coach of the team Reading F.C. currently?,Ruben Selles,Y,,,
Who is the head coach of the team NK Slaven Belupo currently?,Zoran Zekic,N,,,
Who is the head coach of the team Blackpool F.C. currently?,Neil Critchley,Y,,,
Who is the head coach of the team A.E.K. Athens F.C. currently?,Matias Almendra,N,,,
Who is the head coach of the team Olympiacos F.C. currently?,Jose Luis Mendilibar,Y,,,
Who is the head coach of the team Sweden men's national ice hockey team currently?,Sam Hallam,Y,,,
Who is the head coach of the team Degerfors IF currently?,"Tobias Solberg, Andreas Holmberg",N,,,
Who is the head coach of the team TSG 1899 Hoffenheim currently?,Pellegrino Matarazzo,Y,,,
Who is the head coach of the team CSM Resita currently?,Dan Alexa,N,,,
Who is the head coach of the team Olympique Lyonnais currently?,Pierre Sage,Y,,,
Who is the head coach of the team Club Brugge K.V. currently?,Rik De Mil,N,,,
Who is the head coach of the team Sheffield Wednesday F.C. currently?,Danny Rohl,Y,,,
Who is the head coach of the team Bristol Rovers F.C. currently?,Paul Tisdale,N,,,
Who is the head coach of the team Toulouse FC currently?,Philippe Montanier,N,,,
Who is the head coach of the team F.C. Ashdod currently?,Ran Ben Shimon,N,,,
Who is the head coach of the team NK Rudes currently?,Davor Mladina,Y,,,
Who is the head coach of the team Legia Warsaw currently?,Kosta Runjaic,N,,,
Who is the head coach of the team FC Urartu currently?,Dmitri Gunko,Y,,,
Who is the head coach of the team Panathinaikos F.C. currently?,Fatih Terim,Y,,,
Who is the head coach of the team Frosinone Calcio currently?,Eusebio Di Francesco,Y,,,
Who is the head coach of the team PEC Zwolle currently?,Johnny Jansen,Y,,,
Who is the head coach of the team FK Kom currently?,Radislav Dragicevic,N,,,
Who is the head coach of the team Valenciennes F.C. currently?,Nicolas Rabuel,N,,,
Who is the head coach of the team FC Admira Wacker Modling currently?,Roberto Patzold,N,,,
Who is the head coach of the team Enosis Neon Paralimni FC currently?,David Caneda,Y,,,
Who is the head coach of the team MKE Ankaragucu currently?,Omer Erdogan,N,,,
Who is the head coach of the team Tampa Bay Rowdies currently?,Neill Collins,N,,,
Who is the head coach of the team Ivory Coast national football team currently?,Emerse Fae,Y,,,
Who is the head coach of the team FK Bodo/Glimt currently?,Kjetil Knutsen,Y,,,
Who is the head coach of the team FC Bayern Munich currently?,Thomas Tuchel,N,,,
Who is the head coach of the team FC Vorskla Poltava currently?,Viktor Skrypnyk,N,,,
Who is the head coach of the team R.S.C. Anderlecht currently?,Brian Riemer,Y,,,
Who is the head coach of the team Bolton Wanderers F.C. currently?,Ian Evatt,Y,,,
Who is the head coach of the team FK Buducnost Podgorica currently?,Miodrag Dzudovic,N,,,
Who is the head coach of the team AaB Fodbold currently?,Oscar Hiljemark,Y,,,
Who is the head coach of the team FC Viktoria Plzen currently?,Miroslav Koubek,Y,,,
Who is the head coach of the team FC Flora Tallinn currently?,Norbert Hurt,Y,,,
Who is the head coach of the team F.C. Crotone currently?,Franco Lerda,N,,,
Who is the head coach of the team Fremantle Football Club currently?,Justin Longmuir,Y,,,
Who is the head coach of the team FC Hermannstadt currently?,Marius Maldarasanu,Y,,,
Who is the head coach of the team SonderjyskE Fodbold currently?,Henrik Hansen,N,,,
Who is the head coach of the team FC Chita currently?,Maksim Shvetsov,NF,,,
Who is the head coach of the team HNK Sibenik currently?,Mario Carevic,Y,,,
Who is the head coach of the team Feyenoord currently?,Arne Slot,Y,,,
Who is the head coach of the team K.V. Kortrijk currently?,Karim Belhocine,N,,,
Who is the head coach of the team Ermis Aradippou FC currently?,Nikos Andronikou,N,,,
Who is the head coach of the team FC Zbrojovka Brno currently?,Tomas Polach,N,,,
Who is the head coach of the team Philadelphia Union currently?,Jim Curtin,Y,,,
Who is the head coach of the team Lamia F.C. currently?,Leonidas Vokolos,Y,,,
Who is the head coach of the team FC Arsenal Tula currently?,Oleg Kononov,N,,,
Who is the head coach of the team Australia national rugby union team currently?,Eddie Jones,N,,,
Who is the head coach of the team Belarus national under-21 football team currently?,Sergey Yaromko,Y,,,
Who is the head coach of the team FC Shakhtyor Salihorsk currently?,Stanislau Suvorau,Y,,,
Who is the chair of Alliance '90/The Greens Hamburg currently?,Maryam Blumenthal,Y,,,
Who is the chair of A.E.K. Athens F.C. currently?,Evangelos Aslanidis,Y,,,
Who is the chair of Naturschutzbund Deutschland currently?,Jorg-Andreas Kruger,Y,,,
Who is the chair of State Special Communications Service of Ukraine currently?,Q85997224,N,,,
Who is the chair of Pantheon-Assas University currently?,Stephane Braconnier,Y,,,
Who is the chair of Italian Republican Party currently?,Francesco Nucara,N,,,
Who is the chair of Bose Monastic Community currently?,Sabino Chiala,Y,,,
Who is the chair of Ecole du Louvre currently?,Camille Morineau,N,,,
Who is the chair of Ministry of Economy and Finance currently?,Kim Dong-yeon,N,,,
Who is the chair of BayernSPD currently?,Natascha Kohnen,N,,,
Who is the chair of Flemish Parliament currently?,Liesbeth Homans,N,,,
Who is the chair of United Torah Judaism currently?,Moshe Gafni,N,,,
Who is the chair of American Mathematical Society currently?,Ruth Charney,Y,,,
Who is the chair of Nigerian Federal Ministry of Education currently?,Adamu Adamu,N,,,
Who is the chair of Grand Orient de France currently?,Guillaume Trichard,NF,,,
Who is the chair of Federal Foreign Office currently?,Annalena Baerbock,Y,,,
Who is the chair of National Party of Australia currently?,David Littleproud,Y,,,
Who is the chair of Luxembourg Socialist Workers' Party currently?,Yves Cruchten,N,,,
Who is the chair of World Athletics currently?,Sebastian Coe,Y,,,
Who is the chair of Notre Europe currently?,Enrico Letta,Y,,,
Who is the chair of European Court of Human Rights currently?,Siofra O'Leary,Y,,,
Who is the chair of ARD currently?,Tom Buhrow,N,,,
Who is the chair of Wittenberg University currently?,Michael Frandsen,Y,,,
Who is the chair of Roman Catholic Archdiocese of Rimouski currently?,Denis Grondin,Y,,,
Who is the chair of Association for Women currently?,Chuu-Lian Terng,NF,,,
Who is the chair of National Council for Scientific and Technological Development currently?,Evaldo Ferreira Vilela,N,,,
Who is the chair of Ukrainian Athletic Federation currently?,Ravil Safiullin,N,,,
Who is the chair of Intergovernmental Panel on Climate Change currently?,James Skea,Y,,,
Who is the chair of Turkish Film Critics Association currently?,Okan Arpac,NF,,,
Who is the chair of National Commission on Informatics and Liberty currently?,Marie-Laure Denis,Y,,,
Who is the chair of Multilateral Investment Guarantee Agency currently?,Hiroshi Matano,Y,,,
Who is the chair of Algerian Football Federation currently?,Walid Sadi,Y,,,
Who is the chair of Verein fur Socialpolitik currently?,Georg Weizsacker,NF,,,
Who is the chair of Federal Employment Agency of Germany currently?,Andrea Nahles,Y,,,
Who is the chair of Danish People's Party currently?,Morten Messerschmidt,Y,,,
Who is the chair of University of Perpignan currently?,Yvan Auguet,Y,,,
Who is the chair of Swedish Social Democratic Party currently?,Magdalena Andersson,Y,,,
Who is the chair of Konrad Adenauer Foundation currently?,Norbert Lammert,Y,,,
Who is the chair of Conservative Party of Canada currently?,Andrew Scheer,Y,,,
Who is the chair of Democratic Party currently?,Valentina Cuppi,N,,,
Who is the chair of Democrats 66 currently?,Victor Everhardt,Y,,,
Who is the chair of United States Department of Justice currently?,"Merrick Garland, William Barr",Y,,,
Who is the chair of Women and Mathematics currently?,Anne Boye,NF,,,
Who is the chair of Oesterreichische Nationalbank currently?,"Robert Holzmann, Harald Mahrer",Y,,,
Who is the chair of National Bank of Ukraine currently?,Yakiv Smolii,N,,,
Who is the chair of Gewerkschaft der Polizei currently?,Jochen Kopelke,Y,,,
Who is the chair of Social Democratic Party currently?,Lauri Laanemets,Y,,,
Who is the chair of Conseil national du numerique currently?,"Gilles Babinet, Francoise Mercadal-Delasalles",Y,,,
Who is the chair of Saint Vincent Archabbey currently?,Martin Bartel,Y,,,
Who is the chair of archdiocese of Gatineau currently?,Paul-Andre Durocher,Y,,,
Who is the chair of Workers' Party of Korea currently?,Kim Jong-un,Y,,,
Who is the chair of International Federation of Film Critics currently?,Isabelle Danel,N,,,
Who is the chair of Vinmonopolet currently?,Asne Havnelid,N,,,
Who is the chair of Estonian Reform Party currently?,Kaja Kallas,Y,,,
Who is the chair of German Alpine Club currently?,Roland Stierle,N,,,
Who is the chair of International Mathematical Union currently?,Carlos Kenig,N,,,
Who is the chair of KDE e.V. currently?,Aleix Pol Gonzalez,Y,,,
Who is the chair of Corsican Assembly currently?,Marie-Antoinette Maupertuis,Y,,,
Who is the chair of French Chess Federation currently?,Eloi Relange,Y,,,
Who is the chair of Arab League currently?,Ahmed Aboul Gheit,Y,,,
Who is the chair of Federal Office for Information Security currently?,Claudia Plattner,Y,,,
Who is the chair of National court for asylum right currently?,Mathieu Herondart,NF,,,
Who is the chair of Ministry of Gender Equality and Family currently?,Chung Hyun-back,N,,,
Who is the chair of Progressive Alliance of Socialists and Democrats currently?,Iratxe Garcia,Y,,,
Who is the chair of Massachusetts Institute of Technology School of Engineering currently?,Anantha P. Chandrakasan,Y,,,
Who is the chair of Ministry of Climate and Environment currently?,Andreas Bjelland Eriksen,Y,,,
Who is the chair of Ministry of Internal Affairs of Ukraine currently?,Ihor Klymenko,Y,,,
Who is the chair of People's Party for Freedom and Democracy currently?,Onno Hoes,N,,,
Who is the chair of Landtag of Bavaria currently?,Ilse Aigner,Y,,,
Who is the chair of French National Assembly currently?,Yael Braun-Pivet,Y,,,
Who is the chair of Royal Galician Academy currently?,Victor Fernandez Freixanes,Y,,,
Who is the chair of Campaign Against Homophobia currently?,Slava Melnyk,Y,,,
Who is the chair of Souvenir napoleonien currently?,Guy Carrieu,Y,,,
"Who is the chair of Embassy of Ukraine, Budapest currently?",Fedir Shandor,NF,,,
Who is the chair of PSL University currently?,Alain Fuchs,Y,,,
Who is the chair of Leibniz Association currently?,Martina Brockmeier,Y,,,
Who is the chair of Senedd currently?,Elin Jones,Y,,,
Who is the chair of United States Department of Energy currently?,Jennifer Granholm,Y,,,
Who is the chair of State Duma currently?,Vyacheslav Volodin,Y,,,
Who is the chair of Freedom Caucus currently?,Scott Perry,N,,,
"Who is the chair of Roman Catholic Archdiocese of St. John's, Newfoundland currently?",Peter Joseph Hundt,Y,,,
Who is the chair of Ministry of Justice and Public Security of Norway currently?,Emilie Mehl,Y,,,
Who is the chair of Portuguese League for Professional Football currently?,Pedro Proenca,N,,,
Who is the chair of MBDA currently?,Eric Beranger,Y,,,
Who is the chair of Moderate Party currently?,Ulf Kristersson,Y,,,
Who is the chair of National Council of Switzerland currently?,Eric Nussbaumer,Y,,,
Who is the chair of MIT Center for Information Systems Research currently?,Jeanne W. Ross,Y,,,
"Who is the chair of French Economic, Social and Environmental Council currently?",Thierry Beaudet,Y,,,
Who is the chair of Atlantik-Brucke currently?,Sigmar Gabriel,NF,,,
Who is the chair of European Movement International currently?,Eva Maydell,N,,,
Who is the chair of European Central Bank currently?,Christine Lagarde,Y,,,
Who is the chair of Paris Dauphine University currently?,E.M. Mouhoud,Y,,,
Who is the chair of Nea Salamis Famagusta currently?,Yannos Chrysostomou,N,,,
"Who is the chair of Bureau of Alcohol, Tobacco, Firearms and Explosives currently?",Regina Lombardo,N,,,
Who is the chair of Federal Chancellery currently?,Wolfgang Schmidt,Y,,,
Who is the chair of Communist Party of China currently?,Xi Jinping,Y,,,
Who is the chair of Associazione Calcio Milan currently?,Paolo Scaroni,Y,,,
Who is the chair of Verkhovna Rada currently?,Ruslan Stefanchuk,Y,,,
Who is the chair of Association for the Advancement of Artificial Intelligence currently?,Yolanda Gil,N,,,
Who is the chair of United States Department of the Interior currently?,Deb Haaland,Y,,,
Who is the chair of Spanish Ombudsman currently?,Angel Gabilondo,Y,,,
Who was the previous chair of Ministry of Health Population and Hospital Reform?,Abderrahmane Benbouzid,Y,,,
Who is the chair of The Jewish Home currently?,Hagit Moshe,Y,,,
Who is the chair of Eurogroup currently?,Mario Centeno,N,,,
Who is the chair of GroenLinks currently?,Katinka Eikelenboom,Y,,,
Who is the chair of Community of Portuguese Language Countries currently?,Francisco Ribeiro Telles,N,,,
Who is the chair of Sweet Briar College currently?,Meredith Jung-En Woo,Y,,,
"Who is the chair of Embassy of Ukraine, Bern currently?",Artem Rybchenko,N,,,
Who is the chair of Asociacion de Victimas del Terrorismo currently?,Maite Araluce,Y,,,
Who is the chair of Mossad currently?,David Barnea,Y,,,
Who is the chair of TOP 09 currently?,Marketa Pekarova Adamova,Y,,,
Who is the chair of Social Democratic Party of Finland currently?,Sanna Marin,N,,,
Who is the chair of Roman Catholic Diocese of Calgary currently?,William Terrence McGrattan,Y,,,
Who is the chair of Labour Party currently?,Esther-Mirjam Sent,N,,,
Who is the chair of Association Guillaume Bude currently?,Michel Fartzoff,NF,,,
Who is the chair of Petrobras currently?,"Caio Paes de Andrade, Jose Mauro Ferreira Coelho",N,,,
"Who is the chair of Embassy of Ukraine, Bratislava currently?",Yuriy Mushka,Y,,,
Who is the chair of Organisation of Islamic Cooperation currently?,Hissein Brahim Sem Taha,Y,,,
Who is the chair of Oregon State University currently?,Jayathi Murthy,Y,,,
Who is the chair of Lloyds Banking Group currently?,Lord Blackwell,N,,,
Who is the chair of Belarusian Social Democratic Party (Assembly) currently?,Ihar Barysau,Y,,,
Who is the chair of Liberal Party of Canada currently?,Justin Trudeau,Y,,,
Who is the chair of Conservatoire national superieur de musique et de danse de Lyon currently?,Carine Soulay,N,,,
Who is the chair of Academia Chilena de la Lengua currently?,Adriana Valdes,Y,,,
Who is the chair of Swiss Red Cross currently?,Thomas Zeltner,Y,,,
Who is the chair of Czech Helsinki Comitee currently?,Vaclav Vlk,NF,,,
Who is the chair of Mathematical Association of America currently?,Jennifer Quinn,N,,,
Who is the chair of Italian Athletics Federation currently?,Stefano Mei,Y,,,
Who is the chair of Hofstra University currently?,Susan Poser,Y,,,
Who is the chair of La Famiglia Bustocca currently?,Mariella Toia,Y,,,
"Who is the chair of Embassy of Ukraine, Sofia currently?",Moskalenko Vitalij Anatolijovic,Y,,,
Who is the chair of Institut francais currently?,Eva Nguyen Binh,Y,,,
Who is the chair of United States Intelligence Community currently?,Avril Haines,Y,,,
Who is the chair of European Bank for Reconstruction and Development currently?,Odile Renaud-Basso,Y,,,
Who is the chair of Parliamentary Assembly of the Organization for Security and Co-operation currently?,Margareta Cederfelt,N,,,
Who is the chair of Agglomeration community of Annemasse - Les Voirons currently?,Gabriel Doublet,N,,,
Who is the chair of Christian Social People's Party currently?,Luc Frieden,Y,,,
Who is the chair of Christian Democratic Appeal currently?,Hans Huibers,N,,,
Who is the chair of Ministry of Health and Welfare currently?,Park Neung-hoo,Y,,,
Who is the chair of Fondation Louis-de-Broglie currently?,Christian de Pange,NF,,,
Who is the chair of Intergovernmental Platform on Biodiversity and Ecosystem Services currently?,Ana Maria Hernandez Salgar,N,,,
Who is the chair of Fondation de France currently?,Pierre Sellal,N,,,
"Who is the chair of Ministry of Agriculture, Food and Rural Affairs currently?",Kim Hyeon-soo,N,,,
Who is the chair of Federal Emergency Management Agency currently?,Pete Gaynor,N,,,
Who is the chair of Ministry of Health of Germany currently?,Karl Lauterbach,Y,,,
Who is the chair of Unione Sportiva Catanzaro currently?,Floriano Noto,Y,,,
Who is the chair of Natural History Museum currently?,Patrick Vallance,NF,,,
Who is the chair of FIFA currently?,Gianni Infantino Riovaldi,Y,,,
Who is the chair of Birzeit University currently?,Beshara Doumani,N,,,
Who is the chair of Bordeaux Montaigne University currently?,"Lionel Larre, Helene Velasco-Graciet",Y,,,
Who is the chair of KDU-CSL currently?,Marian Jurecka,Y,,,
Who is the chair of Writers' Union of Romania currently?,Nicolae Manolescu,Y,,,
Who is the chair of National Institute of Standards and Technology currently?,Laurie E. Locascio,Y,,,
Who is the chair of Bund fur Umwelt und Naturschutz Deutschland currently?,Olaf Bandt,N,,,
Who is the chair of Confederation of German Trade Unions currently?,Yasmin Fahimi,Y,,,
Who is the chair of Anti-Defamation League currently?,Jonathan Greenblatt,Y,,,
Who is the chair of Verband der Reservisten der Deutschen Bundeswehr currently?,Patrick Sensburg,Y,,,
Who is the chair of Democratic Progressive Party currently?,Lai Ching-te,Y,,,
Who is the chair of People's Party of the Basque Country currently?,Carlos Jose Iturgaiz Angulo,Y,,,
Who is the chair of Technical University of Munich currently?,Thomas F. Hofmann,Y,,,
Who is the chair of European Film Academy currently?,Agnieszka Holland,N,,,
Who is the chair of International Tribunal for the Law of the Sea currently?,Jin-Hyun Paik,N,,,
Who is the chair of World Wide Fund for Nature currently?,Adil Najam,Y,,,
Who is the chair of Italian Radicals currently?,Antonella Soldo,N,,,
Who is the chair of Croatian National Bank currently?,Boris Vujcic,Y,,,
Who is the chair of Protezione Civile currently?,Fabrizio Curcio,Y,,,
Who is the chair of Union of Italian Jewish Communities currently?,Noemi Di Segni,Y,,,
Who is the chair of Scottish National Party currently?,Humza Yousaf,Y,,,
Who is the chair of Security Service of Ukraine currently?,Vasyl Malyuk,Y,,,
Who is the chair of Young Socialists currently?,Jessica Rosenthal,NF,,,
Who is the chair of Johns Hopkins University currently?,Ronald J. Daniels,Y,,,
Who is the chair of Federation Internationale de l'Automobile currently?,Mohammed bin Sulayem,Y,,,
Who is the chair of PEN International currently?,Jennifer Clement,N,,,
"Who is the chair of Paris Observatory, PSL University currently?",Fabienne Casoli,Y,,,
Who is the chair of United States Department of State currently?,Antony Blinken,Y,,,
Who is the chair of Eurelectric currently?,Francesco Starace,N,,,
Who is the chair of National Police of Ukraine currently?,Ivan Vyhivskyi,Y,,,
Who is the chair of University of Limoges currently?,Isabelle Klock-Fontanille,N,,,
Who is the chair of Ministry of Transport and Communications currently?,Jon-Ivar Nygard,NF,,,
Who is the chair of International Ski Federation currently?,Johan Eliasch,Y,,,
Who is the chair of Civic Choice currently?,Mariano Rabino,N,,,
Who is the chair of ANSOL - Associacao Nacional para o Software Livre currently?,Tiago Carrondo,Y,,,
Who is the chair of Embassy of Ukraine currently?,Sergey Shutenko,NF,,,
Who is the chair of International AIDS Society currently?,Adeeba Kamarulzaman,Y,,,
Who is the chair of Mouvement des Entreprises de France currently?,Patrick Martin,Y,,,
Who is the chair of Chamber of Deputies currently?,Claude Wiseler,Y,,,
Who is the chair of University of Tokyo currently?,Teruo Fujii,Y,,,
"Who is the chair of Food, Beverages and Catering Union currently?",Guido Zeitler,Y,,,
Who is the chair of Democratic Convergence of Catalonia currently?,Vicenc Mauri i Claret,NF,,,
Who is the chair of Scottish Parliament currently?,Alison Johnstone,Y,,,
Who is the chair of Supreme Council of the Armed Forces currently?,Sedki Sobhi,N,,,
Who is the chair of Czech Social Democratic Party currently?,Michal Smarda,Y,,,
Who is the chair of Economic Community of West African States currently?,Bola Tinubu,Y,,,
Who is the chair of People's Party of the Balearic Islands currently?,Margarita Prohens Rigo,Y,,,
Who is the chair of Belgian Senate currently?,Stephanie D'Hose,Y,,,
Who is the chair of Delta Air Lines currently?,Frank Blake,N,,,
Who is the chair of Confederation des syndicats nationaux currently?,Caroline Senneville,Y,,,
Who is the chair of University Sorbonne Nouvelle currently?,Daniel Mouchard,N,,,
Who is the chair of Confederation of Independent Trade Unions of Luxembourg currently?,Nora Back,Y,,,
Who is the chair of French Prehistoric Society currently?,Jean-Denis Vigne,Y,,,
Who is the chair of Ministry of Health Population and Hospital Reform currently?,Abdelhak Saihi,Y,,,
Who is the chair of BT Group currently?,Jan du Plessis,N,,,
Which position does Katarina Brannstrom hold currently?,Member of the Committee on Social Insurance,N,,,
Which position does Juan Carlos I hold currently?,king emeritus of Spain,Y,,,
Which position does Abdul-Rauf Tanko Ibrahim hold currently?,Member of the 7th Parliament of the 4th Republic of Ghana,Y,,,
Which position does David Hurley hold currently?,Governor-General of Australia,Y,,,
Which position does Christianne van der Wal hold currently?,"member of the House of Representatives of the Netherlands, Minister for Nature and Nitrogen",Y,,,
Which position does Arrigo Miglio hold currently?,cardinal,Y,,,
Which position does Philippa Whitford hold currently?,member of the 58th Parliament of the United Kingdom,Y,,,
Which position does James Gray hold currently?,member of the 58th Parliament of the United Kingdom,Y,,,
Which position does Hirofumi Yoshimura hold currently?,Governor of Osaka Prefecture,Y,,,
Which position does Ximena Rincon hold currently?,senator of Chile,N,,,
Which position does R. Nicholas Burns hold currently?,United States Ambassador to China,Y,,,
Which position does Janos Suli hold currently?,member of the National Assembly of Hungary,N,,,
Which position does Thomas Buchanan hold currently?,Member of the 6th Northern Ireland Assembly,Y,,,
Which position does Manjalamkuzhi Ali hold currently?,Member of the 15th Kerala Legislative Assembly,Y,,,
Which position does Anandiben Patel hold currently?,governor of Uttar Pradesh,Y,,,
Which position does Maria Elisabetta Alberti Casellati hold currently?,"Minister for Institutional Reforms, member of the Italian Senate",Y,,,
Which position does Katherine Clark hold currently?,United States representative,Y,,,
Which position does Barry Andrews hold currently?,member of the European Parliament,Y,,,
Which position does Nicholas Macpherson hold currently?,member of the House of Lords,Y,,,
Which position does Ted Lieu hold currently?,United States representative,Y,,,
Which position does Paul Beresford hold currently?,member of the 58th Parliament of the United Kingdom,Y,,,
Which position does Lydia Mutsch hold currently?,"Representative of the Parliamentary Assembly of the Council of Europe, Deputy of the Chamber of Deputies of Luxembourg",N,,,
Which position does Paul Frew hold currently?,"Member of the Legislative Assembly of Northern Ireland, Member of the 6th Northern Ireland Assembly",Y,,,
Which position does Martin Schulz hold currently?,"chairperson, chairman of the Social Democratic Party",Y,,,
Which position does Marcy Kaptur hold currently?,United States representative,Y,,,
Which position does Philip Davies hold currently?,member of the 58th Parliament of the United Kingdom,Y,,,
Which position does Patricia de Lille hold currently?,member of the National Assembly of South Africa,Y,,,
Which position does David Maclean hold currently?,"substitute member of the Parliamentary Assembly of the Council of Europe, member of the House of Lords",Y,,,
Which position does Daniel Sirera hold currently?,"Barcelona provincial deputy, city councilor of Barcelona, secretary member of the Catalan Audiovisual Council, member of the Catalan Audiovisual Council",Y,,,
Which position does Hrushikesh Naik hold currently?,Member of the Fifteenth Odisha Legislative Assembly,Y,,,
Which position does Abdul-Rashid Pelpuo hold currently?,"Member of the 8th Parliament of the 4th Republic of Ghana, Member of the 7th Parliament of the 4th Republic of Ghana",Y,,,
Which position does John R. Bass hold currently?,Under Secretary of State for Management,Y,,,
Which position does Jackie Baillie hold currently?,Member of the 6th Scottish Parliament,Y,,,
Which position does Mike Hedges hold currently?,Member of the 6th Senedd,Y,,,
Which position does V. D. Satheesan hold currently?,Member of the 15th Kerala Legislative Assembly,Y,,,
Which position does Anne-Marie Descotes hold currently?,Permanent secretary of the French Foreign Affairs Ministry,N,,,
Which position does Denis McDonough hold currently?,United States Secretary of Veterans Affairs,Y,,,
Which position does Arthur Roche hold currently?,"cardinal-deacon, prefect of the Congregation for Divine Worship and the Discipline of the Sacraments",Y,,,
Which position does Ivan Flores hold currently?,deputy of Chile,Y,,,
Which position does Simranjit Singh Mann hold currently?,Member of the 17th Lok Sabha,Y,,,
Which position does Chang San-cheng hold currently?,Mayor of Taoyuan,Y,,,
Which position does Tsai Ing-wen hold currently?,President of the Republic of China,Y,,,
Which position does Peter Aldous hold currently?,member of the 58th Parliament of the United Kingdom,Y,,,
Which position does David Quarrey hold currently?,Permanent Representative of the United Kingdom to NATO,Y,,,
Which position does Vernon Coaker hold currently?,"member of the House of Lords, substitute member of the Parliamentary Assembly of the Council of Europe",Y,,,
Which position does Anniken Huitfeldt hold currently?,member of the Parliament of Norway,N,,,
Which position does Siim Kallas hold currently?,member of the Riigikogu,N,,,
Which position does Bethany Hall-Long hold currently?,Lieutenant Governor of Delaware,Y,,,
Which position does Olivia Santana hold currently?,state deputy of Bahia,Y,,,
Which position does Sammy Wilson hold currently?,member of the 58th Parliament of the United Kingdom,Y,,,
Who is the owner of Mediocredito Centrale currently?,Invitalia,Y,,,
Who is the owner of Eurosport currently?,Warner Bros. Discovery,Y,,,
Who is the owner of When Will You Marry? currently?,Al-Mayassa bint Hamad bin Khalifa Al-Thani,Y,,,
Who is the owner of Tiger Aspect Productions currently?,Banijay,Y,,,
Who is the owner of DS <<Stord>> currently?,Stiftelsen D/S Stord I,Y,,,
Who is the owner of Toronto Athletic Club currently?,University of Toronto,N,,,
Who is the owner of Alfa Romeo currently?,Stellantis,Y,,,
Who is the owner of Reber Radio Telescope currently?,Green Bank Observatory,NF,,,
Who is the owner of Le Reve currently?,Steven A. Cohen,Y,,,
Who is the owner of Mountain Studios currently?,Mercury Phoenix Trust,Y,,,
Who is the owner of Donington Hall currently?,Norton Motorcycle Company,N,,,
Who is the owner of Regency Enterprises currently?,The Walt Disney Company,N,,,
Who is the owner of Brodhead-Bell-Morton Mansion currently?,Hungary,Y,,,
Who is the owner of de Havilland Canada currently?,Longview Aviation Capital,Y,,,
Who is the owner of Akron Beacon Journal currently?,GateHouse Media,Y,,,
Who is the owner of Engadget currently?,Yahoo!,Y,,,
Who is the owner of Westfield Montgomery currently?,Unibail Rodamco Westfield,Y,,,
Who is the owner of Johnny Lightning currently?,"Round 2 Corp, LLC",Y,,,
Who is the owner of Agrofert currently?,"AB private trust I, AB private trust II",Y,,,
Who is the owner of FiveThirtyEight currently?,ABC News,Y,,,
"Who is the owner of Blount, Inc. currently?",Platinum Equity,Y,,,
Who is the owner of GMMTV currently?,"The One Enterprise, GMM Channel Holding",Y,,,
Who is the owner of Perno shipyard currently?,Meyer Turku,NF,,,
Who is the owner of North Stafford Hotel currently?,Britannia Hotels,Y,,,
Who is the owner of i currently?,Daily Mail and General Trust,Y,,,
Who is the owner of Com Hem currently?,BC Partners,N,,,
Who is the owner of NTV currently?,Gazprom-Media,Y,,,
Who is the owner of Gravesend town pier currently?,"Thames Clippers, Midland Railway",Y,,,